Feature,count,mean,std,min,25%,50%,75%,max,%missing,cardinality
Price (€),54000.0,327020.43469944445,1108049.4657737855,5260.0,158590.3075,251982.0,365000.0,135859819.26,0.0,6788
